"access","id","name"
"2","11687260774.2935715","f"
"2","21687261998.0838366","name"
"2","21687262022.1696162","f"
"2","31687262330.9273598","e"
"2","f1687262731.2994988","c"
"3","a1687260783.2304504","N"
"3","31687260880.4581032","wf"
"3","31687262459.350574","ef"
"3","31687262483.2332675","fv"
"3","31687262597.6579144","f"
"4","21687260828.4261353","Nam"
"4","41687262509.4769902","f"
